{
  "dataset_summary": {
    "total_samples": 10,
    "cancer_types": [
      "BRCA",
      "LUSC",
      "OV"
    ],
    "transcriptomics_genes": 20530,
    "mutation_features": 40543,
    "cancer_type_distribution": {
      "BRCA": 2,
      "LUSC": 4,
      "OV": 4
    }
  },
  "target_identification": {},
  "expression_analysis": {
    "high_variance_genes": [
      3223,
      8945,
      16208,
      19764,
      1249,
      11365,
      12376,
      19510,
      687,
      17575,
      2545,
      17424,
      8544,
      17331,
      13598,
      18785,
      17388,
      15332,
      3750,
      4513,
      6545,
      19597,
      13296,
      7105,
      17395,
      585,
      19979,
      11277,
      13987,
      188,
      2464,
      20417,
      11093,
      4336,
      13562,
      15231,
      14052,
      16196,
      605,
      17943,
      15425,
      14659,
      7690,
      16560,
      11750,
      16882,
      8259,
      11521,
      2892,
      9844,
      5637,
      14094,
      13419,
      11618,
      2745,
      17906,
      11714,
      14108,
      12481,
      7560,
      16455,
      7697,
      1011,
      12680,
      14097,
      19532,
      3196,
      14886,
      3603,
      8905,
      3578,
      9124,
      3812,
      7758,
      14138,
      17977,
      15624,
      15830,
      13506,
      6312,
      18870,
      15493,
      1280,
      11708,
      18475,
      20064,
      16766,
      440,
      9070,
      12094,
      855,
      10078,
      3657,
      8582,
      3358,
      12378,
      10562,
      18543,
      15108,
      1881
    ],
    "mean_expression_per_gene": [
      0.48447180857580846,
      0.4223294104405994,
      0.502189507735513,
      0.6799688305961029,
      0.6774240916231722,
      0.6118435643522068,
      0.45509354059917867,
      0.42293758140800436,
      0.4550910755520056,
      0.46165478382656816,
      0.441391219214911,
      0.5236395963102363,
      0.4415185465617991,
      0.4764466726913801,
      0.6748634797343009,
      0.5328098043463858,
      0.6737201251102883,
      0.3218128711880478,
      0.5465454956920214,
      0.5408014217913267,
      0.5463965725490335,
      0.4246552568847363,
      0.6684416550796919,
      0.44922539132086836,
      0.3775448317110942,
      0.46965309395696425,
      0.3849312480059082,
      0.5462521628863037,
      0.48199553656217836,
      0.410629631510783,
      0.47143194677284317,
      0.512300253308862,
      0.6089089853901708,
      0.48864308960478686,
      0.47957644960864415,
      0.5685392152756064,
      0.5893969734501181,
      0.40499826557503144,
      0.4221215050082601,
      0.39087778291568304,
      0.5138727725142564,
      0.5750954346998105,
      0.5123447257568907,
      0.5388174493483225,
      0.4960800642358863,
      0.438944066716064,
      0.41742894619504317,
      0.30114463259293556,
      0.5817338813485657,
      0.4956690509045238,
      0.6193992904700912,
      0.35862297825400524,
      0.5312270730297909,
      0.6734008559502709,
      0.6184939729236222,
      0.6757190799159305,
      0.4972952952383973,
      0.465450070391958,
      0.52776942710933,
      0.5941967385982417,
      0.44733837781664276,
      0.7313614388091075,
      0.5248493629176987,
      0.26641975760126474,
      0.49677617853668765,
      0.551464257919233,
      0.5271683785857126,
      0.5289581194355982,
      0.3609041356278408,
      0.5831518246676872,
      0.5181783071028374,
      0.5792866940533858,
      0.4590063793362294,
      0.5281524765655232,
      0.3795590811016244,
      0.5838559462141123,
      0.5145860620425428,
      0.5121339717513942,
      0.5071397795208958,
      0.5701178411083831,
      0.5675503530682098,
      0.383512249106219,
      0.5100105039183427,
      0.40438037676217775,
      0.42184334724761713,
      0.5348261135433019,
      0.6672035893987963,
      0.3242078331309807,
      0.4231363069103213,
      0.5762981972766913,
      0.6071394488982801,
      0.46755405706087594,
      0.518011759221414,
      0.4614033202853083,
      0.4868885722992912,
      0.470698801057842,
      0.49263320681863654,
      0.5788470122462014,
      0.3740843930437815,
      0.5723008519432236
    ],
    "expression_ranges": {
      "min": 2.1865316931490852e-06,
      "max": 0.9999981058549539,
      "mean": 0.5000280212763721
    }
  },
  "mutation_analysis": {
    "frequent_mutations": [
      2142,
      35820,
      30110,
      17475,
      14170,
      17781,
      1522,
      15574,
      12459,
      30750,
      9923,
      3219,
      17443,
      39054,
      17208,
      14834,
      14908,
      23620,
      3331,
      1902,
      20391,
      23201,
      579,
      21331,
      9533,
      39354,
      24990,
      16786,
      19792,
      5487,
      22357,
      134,
      9093,
      39529,
      34783,
      14869,
      14598,
      25126,
      22325,
      21176,
      735,
      28891,
      11269,
      10855,
      10860,
      22098,
      16082,
      23398,
      18717,
      4793
    ],
    "mutation_frequencies": [
      1.0,
      1.0,
      1.0,
      1.0,
      1.0,
      1.0,
      1.0,
      1.0,
      1.0,
      1.0,
      1.0,
      1.0,
      1.0,
      1.0,
      1.0,
      1.0,
      1.0,
      1.0,
      1.0,
      1.0,
      1.0,
      1.0,
      1.0,
      1.0,
      1.0,
      1.0,
      1.0,
      1.0,
      1.0,
      1.0,
      1.0,
      1.0,
      1.0,
      1.0,
      1.0,
      1.0,
      1.0,
      1.0,
      1.0,
      1.0,
      1.0,
      1.0,
      1.0,
      1.0,
      1.0,
      1.0,
      1.0,
      1.0,
      1.0,
      1.0
    ],
    "overall_mutation_rate": 0.500204720913598
  }
}